<?xml version="1.0" encoding="UTF-8"?>
<project-private xmlns="http://www.netbeans.org/ns/project-private/1">
    <editor-bookmarks xmlns="http://www.netbeans.org/ns/editor-bookmarks/2" lastBookmarkId="0"/>
    <open-files xmlns="http://www.netbeans.org/ns/projectui-open-files/2">
        <group>
            <file>file:/C:/Users/Bely_Vale/Documents/NetBeansProjects/Prácticas_Finales/src/prácticas_finales/Practicas.java</file>
            <file>file:/C:/Users/Bely_Vale/Documents/NetBeansProjects/Prácticas_Finales/src/prácticas_finales/Hilo4_1.java</file>
            <file>file:/C:/Users/Bely_Vale/Documents/NetBeansProjects/Prácticas_Finales/src/prácticas_finales/Hilo4.java</file>
            <file>file:/C:/Users/Bely_Vale/Documents/NetBeansProjects/Prácticas_Finales/src/prácticas_finales/Turno.java</file>
            <file>file:/C:/Users/Bely_Vale/Documents/NetBeansProjects/Prácticas_Finales/src/prácticas_finales/CondicionesCompetencias4.java</file>
        </group>
    </open-files>
</project-private>
